{
    "weigths_ih": {
        "rows": 2,
        "cols": 2,
        "data": [
            [
                12.493442575459419,
                -12.882536339604325
            ],
            [
                -12.899159623913244,
                12.511843005481875
            ]
        ]
    },
    "weigths_ho": {
        "rows": 1,
        "cols": 2,
        "data": [
            [
                9.354205301468177,
                9.352187702673158
            ]
        ]
    },
    "bias_ih": {
        "rows": 2,
        "cols": 1,
        "data": [
            [
                -6.456591561598324
            ],
            [
                -6.465248405655321
            ]
        ]
    },
    "bias_ho": {
        "rows": 1,
        "cols": 1,
        "data": [
            [
                -4.6251654019772745
            ]
        ]
    },
    "activation_function": "sigmoid"
}